source,destination,path,cost
0,1,0_248_97_368_18_189_1,8
0,1,0_444_493_189_1,8
0,2,0_363_2,5
0,2,0_486_289_276_2,7
0,3,0_444_493_422_283_3,9
0,3,0_491_122_3,10
0,3,0_486_289_418_3,10
0,3,0_271_488_11_3,10
0,3,0_248_97_284_283_3,10
0,3,0_444_388_11_3,10
0,4,0_271_488_184_4,7
0,4,0_10_251_409_4,8
0,5,0_486_242_207_5,6
0,5,0_363_380_5,7
0,5,0_10_380_5,7
0,5,0_486_68_448_207_5,7
0,6,0_248_328_294_335_6,7
0,6,0_444_328_294_335_6,7
0,6,0_486_76_6,7
0,7,0_486_68_297_234_7,8
0,7,0_248_328_294_335_334_7,9
0,7,0_444_57_365_334_7,9
0,7,0_444_328_294_335_334_7,9
0,7,0_271_488_184_334_7,9
0,7,0_118_7,9
0,7,0_271_234_7,9
0,7,0_486_76_334_7,9
0,8,0_444_430_8,6
0,8,0_486_424_430_8,6
0,9,0_444_461_9,6
0,9,0_444_493_142_38_354_9,7
0,9,0_271_63_9,7
0,10,0_10,3
0,10,0_225_81_10,5
0,11,0_271_488_11,5
0,11,0_444_388_11,5
0,12,0_248_379_182_263_12,8
0,12,0_444_67_263_12,8
0,12,0_118_263_12,8
0,13,0_486_289_153_13,7
0,13,0_444_430_13,7
0,13,0_486_424_430_13,7
0,14,0_444_57_365_14,6
0,14,0_486_68_14,6
0,14,0_248_14,6
0,15,0_248_379_182_263_15,8
0,15,0_444_67_263_15,8
0,15,0_118_263_15,8
0,16,0_10_210_476_16,7
0,16,0_486_424_148_16,8
0,17,0_225_81_330_358_17,8
0,17,0_10_81_330_358_17,8
0,18,0_248_97_368_18,6
0,18,0_486_424_425_175_18,8
0,18,0_248_97_479_368_18,8
0,18,0_444_493_189_18,8
0,18,0_444_493_422_229_18,8
0,19,0_486_107_115_19,8
0,19,0_248_97_383_158_310_19,8
0,19,0_486_289_383_158_310_19,8
0,19,0_444_493_422_229_158_310_19,8
0,20,0_486_289_383_72_20,8
0,20,0_248_97_383_72_20,8
0,21,0_486_68_127_194_21,7
0,21,0_486_242_127_194_21,8
0,21,0_248_97_194_21,8
0,21,0_444_493_422_53_21,8
0,21,0_444_493_142_194_21,8
0,22,0_444_493_167_163_22,7
0,22,0_486_76_163_22,8
0,22,0_444_493_422_345_163_22,8
0,23,0_486_475_316_23,7
0,23,0_10_81_330_475_316_23,8
0,23,0_444_493_399_316_23,8
0,23,0_10_210_157_23,8
0,23,0_225_81_330_475_316_23,8
0,24,0_486_424_425_428_24,9
0,24,0_444_493_91_269_24,9
0,25,0_491_110_460_25,9
0,25,0_248_97_479_384_460_25,9
0,25,0_486_475_90_286_25,9
0,26,0_444_493_142_38_26,6
0,26,0_486_463_192_282_26,8
0,27,0_444_493_399_391_27,9
0,27,0_444_493_422_229_391_27,9
0,27,0_444_57_27,9
0,27,0_225_123_391_27,9
0,28,0_444_430_433_28,7
0,28,0_486_424_430_433_28,7
0,29,0_486_463_312_29,7
0,29,0_444_493_167_312_29,8
0,30,0_486_242_207_5_30,10
0,30,0_486_68_448_207_5_30,11
0,30,0_363_380_5_30,11
0,30,0_10_380_5_30,11
0,31,0_444_493_167_163_42_31,7
0,31,0_248_379_182_31,8
0,31,0_486_76_163_42_31,8
0,31,0_271_488_54_173_31,8
0,31,0_444_493_422_345_163_42_31,8
0,32,0_486_242_207_5_32,8
0,32,0_444_493_167_32,8
0,33,0_486_68_297_234_33,7
0,33,0_486_242_207_5_33,7
0,33,0_444_493_422_229_213_33,7
0,34,0_444_461_34,7
0,34,0_486_242_207_5_440_34,8
0,35,0_248_328_256_35,9
0,35,0_444_328_256_35,9
0,35,0_10_251_409_186_35,9
0,35,0_486_289_153_35,9
0,36,0_486_475_452_36,7
0,36,0_10_81_330_475_452_36,8
0,36,0_486_424_103_36,8
0,36,0_10_210_157_452_36,8
0,36,0_225_81_330_475_452_36,8
0,37,0_444_57_37,6
0,37,0_444_493_91_37,6
0,38,0_444_493_142_38,5
0,38,0_444_493_167_142_38,8
0,38,0_444_461_9_354_38,8
0,39,0_444_461_39,6
0,39,0_486_68_448_457_39,7
0,40,0_444_493_167_163_40,7
0,40,0_486_76_163_40,8
0,40,0_225_139_473_40,8
0,40,0_444_493_422_345_163_40,8
0,40,0_248_379_182_333_349_40,8
0,41,0_363_2_89_41,8
0,41,0_486_475_90_89_41,8
0,41,0_271_488_54_173_41,8
0,41,0_248_14_89_41,8
0,41,0_444_57_365_14_89_41,8
0,41,0_486_68_14_89_41,8
0,41,0_486_475_316_252_41,8
0,41,0_271_299_89_41,8
0,42,0_444_493_167_163_42,6
0,42,0_486_76_163_42,7
0,42,0_444_493_422_345_163_42,7
0,43,0_486_289_383_158_43,8
0,43,0_248_97_383_158_43,8
0,43,0_444_493_422_229_158_43,8
0,44,0_486_68_448_44,7
0,44,0_444_388_372_44,8
0,44,0_486_76_6_44,8
0,44,0_444_328_294_335_6_44,8
0,44,0_248_328_294_335_6_44,8
0,44,0_486_242_207_448_44,8
0,44,0_10_81_44,8
0,44,0_248_442_398_44,8
0,44,0_225_81_44,8
0,45,0_10_210_331_45,9
0,45,0_486_68_448_457_268_45,10
0,45,0_491_110_268_45,10
0,45,0_486_68_331_45,10
0,46,0_486_289_99_46,9
0,46,0_486_242_46,9
0,47,0_363_489_47,6
0,47,0_225_59_317_92_489_47,9
0,47,0_225_123_363_489_47,9
0,48,0_248_379_182_427_324_48,9
0,48,0_444_493_167_163_429_85_324_48,9
0,48,0_444_388_50_270_324_48,9
0,48,0_486_289_174_427_324_48,9
0,48,0_10_251_85_324_48,9
0,48,0_118_427_324_48,9
0,49,0_444_493_422_303_124_49,8
0,49,0_248_97_479_384_49,8
0,50,0_444_388_50,5
0,50,0_361_388_50,6
0,51,0_486_424_51,6
0,51,0_444_430_424_51,8
0,51,0_486_289_82_180_206_51,8
0,51,0_10_251_424_51,8
0,51,0_248_97_479_384_206_51,8
0,52,0_486_242_52,7
0,52,0_248_97_368_52,7
0,53,0_444_493_422_53,6
0,53,0_486_289_82_180_53,8
0,53,0_225_123_422_53,8
0,54,0_271_488_54,6
0,54,0_444_388_11_488_54,8
0,54,0_444_493_399_332_54,8
0,54,0_486_224_332_54,8
0,55,0_444_493_422_345_55,8
0,55,0_486_68_448_222_55,9
0,55,0_444_493_167_163_345_55,9
0,56,0_444_493_142_38_26_56,7
0,56,0_248_97_134_416_56,9
0,56,0_248_97_368_385_449_56,9
0,56,0_10_210_109_415_56,9
0,56,0_486_68_416_56,9
0,56,0_444_328_134_416_56,9
0,56,0_486_463_192_282_26_56,9
0,56,0_248_328_134_416_56,9
0,57,0_444_57,4
0,57,0_10_210_57,6
0,58,0_486_68_297_234_58,8
0,58,0_444_493_91_37_58,8
0,58,0_444_57_37_58,8
0,59,0_225_59,5
0,59,0_10_81_225_59,7
0,60,0_486_68_127_60,8
0,60,0_486_242_127_60,9
0,61,0_10_454_61,9
0,61,0_444_67_263_61,10
0,61,0_118_263_61,10
0,61,0_248_379_182_263_61,10
0,61,0_486_454_61,10
0,62,0_10_251_409_357_62,7
0,62,0_486_68_297_375_357_62,8
0,62,0_444_461_9_62,8
0,63,0_271_63,4
0,63,0_486_242_63,8
0,63,0_444_388_50_63,8
0,64,0_271_488_11_64,7
0,64,0_486_424_64,7
0,64,0_444_388_11_64,7
0,65,0_444_430_114_65,7
0,65,0_486_424_430_114_65,7
0,66,0_271_63_66,7
0,66,0_486_242_100_66,8
0,67,0_444_67,6
0,67,0_248_379_182_263_67,8
0,67,0_486_76_450_128_477_67,8
0,67,0_118_263_67,8
0,68,0_486_68,4
0,68,0_486_242_207_448_68,7
0,68,0_486_242_127_68,7
0,68,0_10_210_331_68,7
0,69,0_486_463_312_69,8
0,69,0_444_67_338_69,8
0,70,0_10_380_378_70,8
0,70,0_225_367_378_70,8
0,70,0_10_251_409_378_70,8
0,70,0_363_380_378_70,8
0,71,0_486_71,8
0,71,0_248_379_247_71,9
0,72,0_486_289_383_72,6
0,72,0_248_97_383_72,6
0,73,0_486_424_425_428_469_73,8
0,73,0_444_328_294_469_73,9
0,73,0_491_261_73,9
0,73,0_444_493_422_229_213_428_469_73,9
0,73,0_486_289_174_428_469_73,9
0,73,0_444_493_273_298_73,9
0,73,0_248_328_294_469_73,9
0,73,0_248_379_182_498_73,9
0,73,0_225_123_498_73,9
0,73,0_486_68_297_234_287_73,9
0,74,0_486_224_74,6
0,74,0_486_242_74,7
0,75,0_444_493_422_53_75,7
0,75,0_445_140_75,8
0,75,0_248_97_284_181_75,8
0,76,0_486_76,4
0,76,0_444_493_167_163_76,7
0,77,0_444_493_422_77,7
0,77,0_486_76_6_77,8
0,77,0_248_328_294_335_6_77,8
0,77,0_444_328_294_335_6_77,8
0,78,0_444_493_142_38_354_288_78,8
0,78,0_486_76_450_214_78,8
0,78,0_486_68_448_214_78,8
0,78,0_486_463_187_78,8
0,79,0_363_489_79,7
0,79,0_486_68_127_194_79,7
0,80,0_444_328_134_80,7
0,80,0_248_328_134_80,7
0,80,0_248_97_134_80,7
0,80,0_363_489_80,7
0,81,0_10_81,4
0,81,0_225_81,4
0,82,0_486_289_82,5
0,82,0_248_97_383_289_82,7
0,83,0_444_57_365_14_83,9
0,83,0_248_14_83,9
0,83,0_486_68_14_83,9
0,84,0_248_97_284_84,7
0,84,0_444_493_301_394_84,9
0,84,0_486_107_434_394_84,9
0,84,0_10_380_394_84,9
0,84,0_363_380_394_84,9
0,85,0_444_493_167_163_429_85,7
0,85,0_10_251_85,7
0,86,0_248_379_182_333_349_86,8
0,86,0_444_493_422_53_165_86,8
0,87,0_248_328_437_87,6
0,87,0_271_488_87,6
0,87,0_444_328_437_87,6
0,88,0_271_63_88,7
0,88,0_486_242_63_88,11
0,88,0_486_242_106_88,11
0,88,0_444_388_50_63_88,11
0,89,0_486_68_14_89,7
0,89,0_271_299_89,7
0,89,0_486_475_90_89,7
0,89,0_248_14_89,7
0,89,0_363_2_89,7
0,89,0_444_57_365_14_89,7
0,90,0_486_475_90,6
0,90,0_10_81_330_475_90,7
0,90,0_225_81_330_475_90,7
0,91,0_444_493_91,5
0,91,0_486_289_153_91,6
0,92,0_363_489_92,6
0,92,0_225_59_317_92,7
0,93,0_10_210_109_93,7
0,93,0_444_493_142_93,7
0,94,0_225_414_364_446_94,8
0,94,0_444_67_263_94,9
0,94,0_118_263_94,9
0,94,0_486_76_446_94,9
0,94,0_444_493_422_303_94,9
0,94,0_248_379_182_263_94,9
0,94,0_248_97_479_364_446_94,9
0,95,0_444_493_399_95,7
0,95,0_486_424_103_95,7
0,96,0_444_57_96,8
0,96,0_118_96,8
0,97,0_248_97,3
0,97,0_486_289_383_97,7
0,97,0_444_328_248_97,7
0,98,0_10_210_98,5
0,98,0_444_493_399_98,6
0,99,0_486_289_99,7
0,99,0_225_59_439_99,8
0,99,0_486_424_425_439_99,8
0,99,0_271_407_99,8
0,100,0_486_242_100,6
0,100,0_486_68_127_242_100,9
0,100,0_486_107_100,9
0,100,0_486_68_448_207_242_100,9
0,100,0_271_63_66_100,9
0,101,0_486_68_127_101,6
0,101,0_486_242_127_101,7
0,101,0_225_123_101,7
0,102,0_444_493_301_102,7
0,102,0_225_139_473_301_102,8
0,102,0_444_461_301_102,8
0,103,0_486_424_103,5
0,103,0_10_251_424_103,7
0,103,0_444_430_424_103,7
0,104,0_10_210_476_104,6
0,104,0_486_408_151_104,7
0,105,0_248_97_479_105,7
0,105,0_10_251_479_105,8
0,106,0_486_242_106,5
0,106,0_271_488_11_106,8
0,106,0_486_68_127_242_106,8
0,106,0_486_68_448_207_242_106,8
0,106,0_444_388_11_106,8
0,107,0_486_107,5
0,107,0_225_139_107,8
0,108,0_361_403_108,7
0,108,0_271_403_108,7
0,109,0_10_210_109,6
0,109,0_444_493_142_93_109,8
0,109,0_225_81_10_210_109,8
0,109,0_486_408_109,8
0,109,0_444_57_210_109,8
0,110,0_491_110,6
0,110,0_486_68_448_457_268_110,8
0,111,0_271_63_232_111,8
0,111,0_271_488_184_119_232_111,9
0,111,0_225_139_119_232_111,9
0,112,0_10_251_423_120_112,11
0,112,0_10_210_331_480_112,11
0,112,0_225_81_323_120_112,11
0,112,0_444_493_273_480_112,11
0,112,0_225_139_119_423_120_112,11
0,112,0_271_488_184_119_423_120_112,11
0,112,0_10_81_323_120_112,11
0,113,0_10_210_98_113,10
0,113,0_444_430_433_28_113,10
0,113,0_486_424_430_433_28_113,10
0,114,0_486_424_430_114,6
0,114,0_444_430_114,6
0,115,0_486_107_115,7
0,115,0_225_367_378_115,9
0,115,0_225_414_115,9
0,115,0_248_97_383_158_310_19_115,9
0,115,0_363_380_378_115,9
0,115,0_10_380_378_115,9
0,115,0_444_493_167_163_339_115,9
0,115,0_486_289_383_158_310_19_115,9
0,115,0_444_493_422_229_158_310_19_115,9
0,115,0_10_251_409_378_115,9
0,115,0_248_442_398_339_115,9
0,116,0_491_122_116,8
0,116,0_10_251_409_357_116,9
0,117,0_10_210_476_104_117,8
0,117,0_486_408_151_104_117,9
0,118,0_118,5
0,118,0_444_67_263_118,9
0,118,0_248_379_182_427_118,9
0,118,0_486_475_90_118,9
0,118,0_486_289_174_427_118,9
0,118,0_248_379_182_263_118,9
0,119,0_271_488_184_119,6
0,119,0_225_139_119,6
0,120,0_10_251_423_120,8
0,120,0_271_488_184_119_423_120,8
0,120,0_225_139_119_423_120,8
0,120,0_10_81_323_120,8
0,120,0_225_81_323_120,8
0,121,0_444_328_121,8
0,121,0_248_328_437_87_121,8
0,121,0_271_488_87_121,8
0,121,0_486_424_425_428_469_121,8
0,121,0_248_328_121,8
0,121,0_491_261_121,8
0,121,0_444_328_437_87_121,8
0,121,0_10_392_121,8
0,122,0_491_122,6
0,122,0_486_68_127_101_122,9
0,122,0_248_97_368_385_122,9
0,122,0_444_388_11_366_122,9
0,122,0_271_488_11_366_122,9
0,123,0_225_123,4
0,123,0_10_81_225_123,6
0,123,0_444_493_422_123,6
0,124,0_444_493_422_303_124,7
0,124,0_225_59_124,8
0,125,0_444_493_167_125,6
0,125,0_486_424_425_428_125,8
0,126,0_486_289_381_126,8
0,126,0_486_289_227_126,9
0,126,0_444_493_167_160_381_126,9
0,126,0_10_210_157_381_126,9
0,127,0_486_68_127,5
0,127,0_486_242_127,6
0,128,0_486_76_450_128,6
0,128,0_444_67_477_128,8
0,128,0_248_328_128,8
0,128,0_486_68_448_214_450_128,8
0,128,0_444_328_128,8
0,129,0_225_123_129,8
0,129,0_248_379_182_333_349_478_129,9
0,130,0_225_59_130,9
0,130,0_444_461_9_130,9
0,131,0_486_242_100_131,9
0,131,0_10_210_476_313_131,10
0,131,0_486_289_383_72_490_131,10
0,131,0_248_97_383_72_490_131,10
0,131,0_10_251_409_357_62_131,10
0,131,0_444_430_131,10
0,131,0_444_493_167_125_131,10
0,131,0_248_379_182_333_131,10
0,131,0_486_424_430_131,10
0,132,0_486_424_425_428_132,7
0,132,0_444_493_167_163_42_132,7
0,133,0_444_493_167_465_133,7
0,133,0_444_493_301_133,7
0,134,0_248_97_134,6
0,134,0_444_328_134,6
0,134,0_248_328_134,6
0,135,0_486_242_207_217_135,8
0,135,0_10_210_135,9
0,135,0_486_68_448_207_217_135,9
0,135,0_444_493_422_77_135,9
0,136,0_486_408_136,9
0,136,0_10_454_136,10
0,137,0_118_137,7
0,137,0_248_328_294_218_137,9
0,137,0_444_328_294_218_137,9
0,137,0_444_67_336_137,9
0,138,0_486_68_127_194_79_138,8
0,138,0_363_489_79_138,8
0,139,0_225_139,5
0,139,0_271_488_184_119_139,7
0,139,0_225_81_330_139,7
0,139,0_10_81_330_139,7
0,139,0_10_81_225_139,7
0,140,0_445_140,7
0,140,0_444_493_422_53_165_140,8
0,140,0_444_493_422_53_75_140,8
0,141,0_486_424_430_433_141,7
0,141,0_444_430_433_141,7
0,142,0_444_493_142,4
0,142,0_444_493_167_142,7
0,143,0_363_293_304_143,8
0,143,0_486_289_381_304_143,8
0,143,0_248_328_294_304_143,8
0,143,0_444_328_294_304_143,8
0,144,0_486_289_383_72_490_144,9
0,144,0_248_97_383_72_490_144,9
0,144,0_361_403_144,9
0,144,0_363_293_177_144,9
0,144,0_271_403_144,9
0,145,0_248_97_284_145,7
0,145,0_248_97_479_145,7
0,146,0_225_81_323_146,8
0,146,0_10_81_323_146,8
0,147,0_444_493_167_163_40_147,8
0,147,0_444_493_422_345_163_40_147,9
0,147,0_248_379_182_333_349_40_147,9
0,147,0_444_493_142_38_354_288_78_147,9
0,147,0_225_139_473_40_147,9
0,147,0_486_76_450_214_78_147,9
0,147,0_486_68_448_214_78_147,9
0,147,0_486_463_187_78_147,9
0,147,0_486_76_163_40_147,9
0,148,0_486_424_148,6
0,148,0_444_430_424_148,8
0,148,0_10_251_424_148,8
0,148,0_486_408_483_148,8
0,149,0_248_97_383_72_149,8
0,149,0_486_424_103_95_149,8
0,149,0_486_289_383_72_149,8
0,149,0_444_493_399_95_149,8
0,150,0_248_97_383_72_490_150,8
0,150,0_486_289_383_72_490_150,8
0,151,0_486_408_151,6
0,151,0_10_210_476_104_151,7
0,152,0_486_289_82_152,8
0,152,0_486_152,9
0,153,0_486_289_153,5
0,153,0_444_493_91_153,6
0,154,0_10_154,7
0,154,0_225_81_10_154,9
0,154,0_444_493_422_53_154,9
0,155,0_155,8
0,155,0_486_76_450_451_155,8
0,156,0_444_388_50_270_156,7
0,156,0_361_388_50_270_156,8
0,157,0_10_210_157,5
0,157,0_225_81_10_210_157,7
0,157,0_444_57_210_157,7
0,158,0_248_97_383_158,6
0,158,0_444_493_422_229_158,6
0,158,0_486_289_383_158,6
0,159,0_444_493_167_163_40_159,10
0,159,0_486_76_163_40_159,11
0,159,0_248_379_182_333_349_40_159,11
0,159,0_444_493_422_345_163_40_159,11
0,159,0_225_139_473_40_159,11
0,160,0_444_493_167_160,6
0,160,0_486_463_192_160,7
0,160,0_486_289_381_160,7
0,161,0_486_475_161,6
0,161,0_10_81_330_475_161,7
0,161,0_225_81_330_475_161,7
0,162,0_444_493_422_345_162,8
0,162,0_271_403_179_162,9
0,162,0_361_403_179_162,9
0,162,0_225_139_320_162,9
0,162,0_444_493_167_163_345_162,9
0,163,0_444_493_167_163,5
0,163,0_486_76_163,6
0,163,0_444_493_422_345_163,6
0,164,0_486_242_164,6
0,164,0_10_210_157_164,8
0,165,0_444_493_422_53_165,7
0,165,0_445_140_165,8
0,166,0_225_59_317_393_166,10
0,166,0_248_379_247_275_166,10
0,166,0_486_242_342_166,10
0,166,0_271_488_54_332_458_166,10
0,166,0_486_224_332_458_166,10
0,166,0_444_493_91_393_166,10
0,166,0_444_493_167_163_40_254_166,10
0,166,0_486_424_430_433_236_393_166,10
0,166,0_444_461_458_166,10
0,166,0_444_493_399_332_458_166,10
0,166,0_444_430_433_236_393_166,10
0,167,0_444_493_167,4
0,167,0_486_76_163_167,7
0,167,0_444_493_422_345_163_167,7
0,167,0_444_493_142_167,7
0,168,0_444_388_372_309_168,10
0,168,0_486_68_202_168,10
0,169,0_486_242_342_169,9
0,169,0_486_68_127_101_369_169,9
0,170,0_271_488_184_4_170,9
0,170,0_444_328_294_170,9
0,170,0_248_328_294_170,9
0,171,0_486_68_127_60_171,9
0,171,0_486_475_90_171,9
0,172,0_225_139_320_172,7
0,172,0_271_488_87_172,7
0,172,0_444_328_437_87_172,7
0,172,0_248_328_437_87_172,7
0,173,0_271_488_54_173,7
0,173,0_444_493_167_163_42_31_173,8
0,174,0_486_289_174,6
0,174,0_486_424_425_428_174,7
0,175,0_486_424_425_175,6
0,175,0_486_242_207_175,7
0,176,0_248_328_176,7
0,176,0_444_328_176,7
0,176,0_444_493_167_465_176,7
0,177,0_363_293_177,7
0,177,0_444_57_177,8
0,177,0_486_408_177,8
0,177,0_248_97_368_385_449_177,8
0,177,0_444_493_311_293_177,8
0,178,0_118_178,7
0,178,0_444_493_142_38_354_288_178,10
0,179,0_361_403_179,6
0,179,0_271_403_179,6
0,180,0_486_289_82_180,6
0,180,0_486_424_51_206_180,8
0,180,0_248_97_383_289_82_180,8
0,180,0_444_493_422_53_180,8
0,180,0_486_68_127_194_180,8
0,180,0_248_97_479_384_206_180,8
0,181,0_248_97_284_181,6
0,181,0_444_493_422_303_485_181,8
0,182,0_248_379_182,5
0,182,0_118_427_182,9
0,182,0_444_328_248_379_182,9
0,182,0_225_123_498_182,9
0,182,0_444_67_263_182,9
0,182,0_118_263_182,9
0,182,0_486_68_448_457_377_182,9
0,182,0_486_289_174_427_182,9
0,183,0_444_493_422_77_183,8
0,183,0_486_76_6_77_183,9
0,183,0_225_139_119_183,9
0,183,0_444_493_167_163_40_183,9
0,183,0_271_488_184_119_183,9
0,183,0_444_328_294_335_6_77_183,9
0,183,0_248_328_294_335_6_77_183,9
0,183,0_248_97_284_374_183,9
0,184,0_271_488_184,5
0,184,0_225_139_119_184,7
0,184,0_444_388_11_488_184,7
0,185,0_10_210_157_185,6
0,185,0_444_57_210_157_185,8
0,185,0_444_493_399_185,8
0,185,0_225_81_10_210_157_185,8
0,186,0_10_251_409_186,6
0,186,0_271_403_186,7
0,186,0_361_403_186,7
0,187,0_486_463_187,6
0,187,0_444_493_167_312_463_187,9
0,187,0_444_493_167_160_192_463_187,9
0,188,0_486_68_202_188,6
0,188,0_444_493_422_202_188,8
0,188,0_486_424_425_343_188,8
0,189,0_444_493_189,7
0,189,0_248_97_368_18_189,7
0,190,0_486_475_90_190,8
0,190,0_225_81_330_475_90_190,9
0,190,0_486_463_312_69_190,9
0,190,0_10_81_330_475_90_190,9
0,190,0_486_289_383_72_490_190,9
0,190,0_444_67_338_69_190,9
0,190,0_248_97_383_72_490_190,9
0,191,0_444_461_9_191,7
0,191,0_444_493_142_38_191,7
0,192,0_486_463_192,6
0,192,0_444_493_167_160_192,7
0,193,0_444_493_193,6
0,193,0_444_328_193,6
0,193,0_248_328_193,6
0,194,0_486_68_127_194,6
0,194,0_248_97_194,7
0,194,0_444_493_142_194,7
0,194,0_486_242_127_194,7
0,195,0_271_488_184_195,7
0,195,0_10_251_195,8
0,196,0_486_242_106_196,8
0,196,0_444_493_167_160_196,8
0,196,0_271_319_196,8
0,196,0_486_242_207_196,8
0,197,0_486_242_106_197,8
0,197,0_444_493_301_133_197,9
0,197,0_248_379_247_275_197,9
0,197,0_444_493_167_465_133_197,9
0,197,0_486_475_90_411_197,9
0,198,0_10_210_476_313_198,8
0,198,0_444_493_142_38_26_198,8
0,199,0_486_424_425_343_199,8
0,199,0_486_289_153_199,9
0,199,0_486_424_430_243_199,9
0,199,0_491_110_199,9
0,199,0_486_289_174_243_199,9
0,199,0_10_251_409_357_318_199,9
0,199,0_444_430_243_199,9
0,200,0_486_289_174_243_200,11
0,200,0_444_430_243_200,11
0,200,0_486_242_207_217_135_200,11
0,200,0_486_424_430_243_200,11
0,201,0_444_493_422_345_201,9
0,201,0_486_76_450_300_201,9
0,201,0_444_493_422_355_201,9
0,201,0_444_493_167_125_201,9
0,202,0_486_68_202,5
0,202,0_444_493_422_202,7
0,203,0_486_68_448_203,8
0,203,0_444_493_422_53_75_203,8
0,204,0_271_488_184_119_204,9
0,204,0_486_424_425_428_204,9
0,204,0_225_139_119_204,9
0,204,0_491_122_402_204,9
0,205,0_486_242_106_205,8
0,205,0_10_251_409_378_205,8
0,205,0_363_380_378_205,8
0,205,0_225_367_378_205,8
0,205,0_10_380_378_205,8
0,206,0_486_424_51_206,7
0,206,0_248_97_479_384_206,7
0,206,0_486_289_82_180_206,7
0,207,0_486_242_207,5
0,207,0_486_68_448_207,6
0,208,0_486_76_450_214_208,7
0,208,0_486_107_208,7
0,208,0_486_68_448_214_208,7
0,209,0_486_424_425_428_469_209,8
0,209,0_271_319_209,8
0,210,0_10_210,4
0,210,0_444_57_210,6
0,210,0_225_81_10_210,6
0,211,0_444_493_399_211,8
0,211,0_225_414_364_211,8
0,212,0_444_493_167_163_429_322_212,8
0,212,0_486_289_153_212,8
0,213,0_444_493_422_229_213,6
0,213,0_486_424_425_428_213,7
0,214,0_486_68_448_214,6
0,214,0_486_76_450_214,6
0,215,0_444_493_422_215,7
0,215,0_248_97_134_215,7
0,215,0_248_328_134_215,7
0,215,0_444_328_134_215,7
0,216,0_363_2_216,6
0,216,0_10_392_216,8
0,216,0_486_224_74_321_216,8
0,216,0_486_76_450_315_321_216,8
0,216,0_486_289_276_2_216,8
0,217,0_486_242_207_217,7
0,217,0_486_68_448_207_217,8
0,218,0_444_328_294_218,6
0,218,0_248_328_294_218,6
0,219,0_444_493_422_219,7
0,219,0_486_289_82_219,7
0,220,0_225_139_220,8
0,220,0_486_68_297_234_33_220,8
0,220,0_486_242_207_5_33_220,8
0,220,0_444_493_422_229_213_33_220,8
0,221,0_225_139_473_221,7
0,221,0_444_493_301_473_221,8
0,222,0_486_68_448_222,8
0,222,0_486_475_222,9
0,222,0_444_430_114_65_222,9
0,222,0_486_424_430_114_65_222,9
0,222,0_486_242_207_448_222,9
0,222,0_444_493_422_345_55_222,9
0,222,0_486_289_381_222,9
0,223,0_486_76_450_214_223,7
0,223,0_486_68_448_214_223,7
0,223,0_486_68_223,7
0,224,0_486_224,5
0,224,0_486_242_74_224,8
0,225,0_225,3
0,225,0_10_81_225,5
0,226,0_225_139_119_226,8
0,226,0_271_488_184_119_226,8
0,227,0_486_289_227,7
0,227,0_444_493_311_227,8
0,228,0_271_63_228,8
0,228,0_491_110_228,9
0,229,0_444_493_422_229,5
0,229,0_486_289_383_158_229,7
0,229,0_225_123_391_229,7
0,229,0_248_97_383_158_229,7
0,229,0_444_493_399_391_229,7
0,229,0_225_123_422_229,7
0,230,0_444_57_365_230,8
0,230,0_486_71_230,10
0,230,0_10_210_365_230,10
0,230,0_10_210_57_365_230,10
0,230,0_248_14_365_230,10
0,230,0_10_210_476_313_421_230,10
0,230,0_486_68_14_365_230,10
0,230,0_486_475_90_230,10
0,231,0_248_97_479_384_487_231,9
0,231,0_486_475_452_487_231,9
0,232,0_271_63_232,6
0,232,0_271_488_184_119_232,7
0,232,0_225_139_119_232,7
0,233,0_444_328_193_233,7
0,233,0_248_328_193_233,7
0,233,0_225_59_233,7
0,233,0_444_493_193_233,7
0,234,0_486_68_297_234,6
0,234,0_271_234,7
0,235,0_444_328_294_335_6_235,9
0,235,0_10_210_109_93_235,9
0,235,0_248_328_294_335_6_235,9
0,235,0_486_76_6_235,9
0,235,0_444_493_142_93_235,9
0,235,0_10_210_476_16_371_235,9
0,236,0_444_430_433_236,7
0,236,0_486_424_430_433_236,7
0,237,0_118_96_237,9
0,237,0_363_489_237,9
0,237,0_444_57_96_237,9
0,238,0_444_388_50_270_324_238,9
0,238,0_486_289_174_427_324_238,9
0,238,0_248_379_182_427_324_238,9
0,238,0_10_251_85_324_238,9
0,238,0_118_427_324_238,9
0,238,0_444_493_167_163_429_85_324_238,9
0,239,0_10_380_378_205_239,9
0,239,0_225_367_378_205_239,9
0,239,0_491_122_116_239,9
0,239,0_10_251_409_378_205_239,9
0,239,0_486_242_106_205_239,9
0,239,0_363_380_378_205_239,9
0,240,0_248_442_398_240,9
0,240,0_271_407_240,9
0,240,0_444_493_422_53_395_240,9
0,240,0_271_63_232_240,9
0,241,0_444_493_422_229_158_241,7
0,241,0_248_97_383_158_241,7
0,241,0_486_289_383_158_241,7
0,242,0_486_242,4
0,242,0_486_68_127_242,7
0,242,0_486_68_448_207_242,7
0,243,0_486_289_174_243,7
0,243,0_444_430_243,7
0,243,0_486_424_430_243,7
0,244,0_444_493_399_244,9
0,244,0_491_122_244,10
0,244,0_10_210_98_399_244,10
0,245,0_10_210_476_245,6
0,245,0_271_407_245,7
0,245,0_10_495_245,7
0,246,0_248_328_246,7
0,246,0_444_328_246,7
0,247,0_248_379_247,7
0,247,0_486_289_275_247,10
0,247,0_486_242_106_197_275_247,10
0,247,0_248_328_134_416_275_247,10
0,247,0_248_97_134_416_275_247,10
0,247,0_486_71_247,10
0,247,0_486_68_416_275_247,10
0,247,0_444_328_134_416_275_247,10
0,247,0_10_495_247,10
0,247,0_10_251_409_186_472_275_247,10
0,248,0_248,2
0,248,0_444_328_248,6
0,249,0_444_493_422_345_249,8
0,249,0_444_493_167_163_429_322_249,9
0,249,0_444_493_167_163_345_249,9
0,250,0_444_493_422_283_250,8
0,250,0_248_97_284_283_250,9
0,251,0_10_251,4
0,251,0_486_424_251,6
0,251,0_225_81_10_251,6
0,252,0_486_475_316_252,7
0,252,0_225_81_330_475_316_252,8
0,252,0_10_81_330_475_316_252,8
0,252,0_444_493_399_316_252,8
0,253,0_225_414_364_446_94_253,10
0,253,0_248_97_479_253,10
0,254,0_444_493_167_163_40_254,9
0,254,0_444_493_422_345_163_40_254,10
0,254,0_486_76_163_40_254,10
0,254,0_248_379_182_333_349_40_254,10
0,254,0_225_139_473_40_254,10
0,254,0_444_461_254,10
0,255,0_248_97_479_384_255,9
0,255,0_10_251_479_384_255,10
0,256,0_444_328_256,7
0,256,0_248_328_256,7
0,257,0_486_475_257,8
0,257,0_225_81_330_475_257,9
0,257,0_444_461_34_257,9
0,257,0_10_81_330_475_257,9
0,258,0_118_137_258,8
0,258,0_248_328_134_215_266_258,10
0,258,0_248_328_294_218_137_258,10
0,258,0_248_97_134_215_266_258,10
0,258,0_444_328_134_215_266_258,10
0,258,0_444_67_336_137_258,10
0,258,0_444_328_294_335_258,10
0,258,0_444_493_167_163_482_258,10
0,258,0_10_210_476_245_482_258,10
0,258,0_444_493_422_215_266_258,10
0,258,0_444_328_294_218_137_258,10
0,258,0_444_388_372_309_482_258,10
0,258,0_248_328_294_335_258,10
0,259,0_271_259,7
0,259,0_486_76_259,8
0,260,0_486_424_425_439_260,8
0,260,0_225_59_439_260,8
0,260,0_363_2_360_260,8
0,261,0_491_261,7
0,261,0_248_328_437_87_121_261,9
0,261,0_271_488_87_121_261,9
0,261,0_444_328_121_261,9
0,261,0_10_392_121_261,9
0,261,0_486_424_425_428_469_121_261,9
0,261,0_444_328_437_87_121_261,9
0,261,0_248_328_121_261,9
0,262,0_486_68_448_457_325_262,8
0,262,0_486_475_161_325_262,8
0,262,0_10_210_109_93_262,8
0,262,0_444_493_142_93_262,8
0,262,0_363_380_262,8
0,262,0_271_488_184_4_262,8
0,262,0_10_380_262,8
0,263,0_118_263,7
0,263,0_444_67_263,7
0,263,0_248_379_182_263,7
0,264,0_486_424_425_343_264,7
0,264,0_444_493_422_229_213_33_264,8
0,264,0_486_242_207_5_33_264,8
0,264,0_486_68_297_234_33_264,8
0,264,0_363_489_79_264,8
0,264,0_486_68_127_194_79_264,8
0,265,0_444_493_142_38_354_265,8
0,265,0_444_461_9_354_265,9
0,265,0_225_414_364_265,9
0,266,0_444_328_134_215_266,8
0,266,0_248_328_134_215_266,8
0,266,0_444_493_422_215_266,8
0,266,0_248_97_134_215_266,8
0,267,0_444_388_50_270_324_238_267,10
0,267,0_118_427_324_238_267,10
0,267,0_444_493_167_163_429_85_324_238_267,10
0,267,0_444_67_263_12_267,10
0,267,0_10_251_85_324_238_267,10
0,267,0_486_289_174_427_324_238_267,10
0,267,0_248_379_182_427_324_238_267,10
0,267,0_118_263_12_267,10
0,267,0_248_379_182_263_12_267,10
0,268,0_486_68_448_457_268,7
0,268,0_491_110_268,7
0,269,0_444_493_91_269,6
0,269,0_486_289_153_91_269,7
0,270,0_444_388_50_270,6
0,270,0_361_388_50_270,7
0,271,0_271,2
0,271,0_361_403_271,8
0,271,0_444_388_11_488_271,8
0,272,0_225_414_364_272,8
0,272,0_248_97_479_364_272,9
0,273,0_444_493_273,7
0,273,0_10_251_409_357_318_273,10
0,273,0_444_493_167_163_429_298_273,10
0,273,0_486_76_450_315_298_273,10
0,273,0_486_424_425_428_469_73_298_273,10
0,274,0_444_493_399_274,7
0,274,0_444_430_433_28_274,8
0,274,0_486_424_430_433_28_274,8
0,274,0_10_210_98_399_274,8
0,275,0_248_379_247_275,8
0,275,0_486_242_106_197_275,9
0,275,0_486_68_416_275,9
0,275,0_248_328_134_416_275,9
0,275,0_444_328_134_416_275,9
0,275,0_10_251_409_186_472_275,9
0,275,0_248_97_134_416_275,9
0,275,0_486_289_275,9
0,276,0_486_289_276,6
0,276,0_363_2_276,6
0,277,0_10_81_323_277,8
0,277,0_486_475_90_286_277,8
0,277,0_225_81_323_277,8
0,278,0_444_67_263_12_278,9
0,278,0_248_379_182_263_12_278,9
0,278,0_118_263_12_278,9
0,279,0_445_140_279,8
0,279,0_444_493_422_53_165_140_279,9
0,279,0_444_493_422_53_75_140_279,9
0,279,0_486_68_432_279,9
0,279,0_486_68_448_214_208_432_279,9
0,279,0_10_251_409_432_279,9
0,279,0_486_224_74_432_279,9
0,279,0_486_76_450_214_208_432_279,9
0,279,0_486_107_208_432_279,9
0,280,0_486_289_383_158_280,7
0,280,0_248_97_383_158_280,7
0,280,0_444_493_422_229_158_280,7
0,280,0_248_97_368_280,7
0,280,0_486_224_74_280,7
0,281,0_248_379_281,8
0,281,0_10_81_330_281,9
0,281,0_225_81_330_281,9
0,282,0_486_463_192_282,7
0,282,0_444_493_142_38_26_282,7
0,283,0_444_493_422_283,7
0,283,0_248_97_284_283,8
0,284,0_248_97_284,4
0,284,0_486_289_383_97_284,8
0,284,0_444_328_248_97_284,8
0,285,0_248_328_193_285,7
0,285,0_444_328_193_285,7
0,285,0_444_493_193_285,7
0,286,0_486_475_90_286,7
0,286,0_10_81_330_475_90_286,8
0,286,0_10_210_98_286,8
0,286,0_225_81_330_475_90_286,8
0,287,0_486_68_297_234_287,7
0,287,0_271_234_287,8
0,288,0_444_493_142_38_354_288,7
0,288,0_444_461_9_354_288,8
0,289,0_486_289,4
0,289,0_248_97_383_289,6
0,290,0_248_328_294_335_290,7
0,290,0_10_210_476_290,7
0,290,0_444_328_294_335_290,7
0,291,0_486_76_291,6
0,291,0_444_57_291,8
0,292,0_271_63_292,9
0,292,0_444_328_437_292,10
0,292,0_248_328_437_292,10
0,293,0_363_293,6
0,293,0_444_493_311_293,7
0,294,0_444_328_294,5
0,294,0_248_328_294,5
0,295,0_444_388_11_295,10
0,295,0_444_493_167_465_295,10
0,295,0_271_488_11_295,10
0,295,0_225_139_473_221_295,10
0,296,0_444_57_365_296,8
0,296,0_486_68_448_457_296,8
0,296,0_486_424_51_468_296,8
0,297,0_486_68_297,5
0,297,0_486_242_207_448_68_297,8
0,297,0_10_251_409_357_375_297,8
0,297,0_271_234_297,8
0,297,0_486_242_127_68_297,8
0,297,0_444_328_294_297,8
0,297,0_10_210_331_68_297,8
0,297,0_248_328_294_297,8
0,297,0_271_299_375_297,8
0,298,0_444_493_273_298,8
0,298,0_486_424_425_428_469_73_298,9
0,298,0_444_493_167_163_429_298,9
0,298,0_486_76_450_315_298,9
0,299,0_271_299,6
0,299,0_486_68_448_214_299,7
0,299,0_486_68_297_375_299,7
0,299,0_486_76_450_214_299,7
0,300,0_486_76_450_300,6
0,300,0_486_68_448_214_450_300,8
0,301,0_444_493_301,6
0,301,0_225_139_473_301,7
0,301,0_444_461_301,7
0,302,0_486_242_302,8
0,302,0_444_493_422_219_412_302,9
0,302,0_486_68_297_234_33_302,9
0,302,0_486_289_82_219_412_302,9
0,302,0_486_242_207_5_33_302,9
0,302,0_444_493_422_229_213_33_302,9
0,303,0_444_493_422_303,6
0,303,0_248_97_284_181_485_303,8
0,303,0_225_123_422_303,8
0,304,0_444_328_294_304,7
0,304,0_248_328_294_304,7
0,304,0_363_293_304,7
0,304,0_486_289_381_304,7
0,305,0_10_81_330_435_305,9
0,305,0_491_122_116_305,9
0,305,0_225_139_435_305,9
0,305,0_225_81_330_435_305,9
0,305,0_444_388_50_270_156_305,9
0,306,0_491_306,7
0,306,0_444_57_306,7
0,307,0_445_140_307,9
0,307,0_444_493_422_53_75_140_307,10
0,307,0_444_493_422_53_165_140_307,10
0,308,0_248_97_479_145_308,8
0,308,0_248_97_284_145_308,8
0,308,0_444_493_422_53_308,8
0,309,0_444_388_372_309,6
0,309,0_361_388_372_309,7
0,310,0_486_289_383_158_310,7
0,310,0_444_493_422_229_158_310,7
0,310,0_248_97_383_158_310,7
0,311,0_444_493_311,6
0,311,0_363_293_311,7
0,312,0_486_463_312,6
0,312,0_444_493_167_312,7
0,313,0_10_210_476_313,6
0,313,0_444_57_210_476_313,8
0,313,0_225_81_10_210_476_313,8
0,313,0_248_97_284_313,8
0,314,0_486_68_202_188_314,7
0,314,0_486_289_153_13_314,8
0,314,0_486_424_430_13_314,8
0,314,0_444_430_13_314,8
0,315,0_486_76_450_315,6
0,315,0_486_68_448_214_450_315,8
0,315,0_363_2_216_321_315,8
0,315,0_486_224_74_321_315,8
0,316,0_486_475_316,6
0,316,0_10_81_330_475_316,7
0,316,0_444_493_399_316,7
0,316,0_225_81_330_475_316,7
0,317,0_225_59_317,6
0,317,0_361_403_179_317,7
0,317,0_363_489_92_317,7
0,317,0_271_403_179_317,7
0,318,0_10_251_409_357_318,7
0,318,0_486_68_297_375_357_318,8
0,318,0_444_493_142_38_354_318,8
0,318,0_486_424_425_343_318,8
0,318,0_444_493_422_303_318,8
0,319,0_271_319,6
0,319,0_486_408_319,7
0,320,0_225_139_320,6
0,320,0_444_493_91_320,7
0,321,0_486_224_74_321,7
0,321,0_486_76_450_315_321,7
0,321,0_363_2_216_321,7
0,322,0_444_493_167_163_429_322,7
0,322,0_486_76_163_429_322,8
0,322,0_363_2_322,8
0,322,0_444_493_422_345_163_429_322,8
0,322,0_271_407_429_322,8
0,323,0_10_81_323,7
0,323,0_225_81_323,7
0,324,0_248_379_182_427_324,8
0,324,0_486_289_174_427_324,8
0,324,0_444_388_50_270_324,8
0,324,0_444_493_167_163_429_85_324,8
0,324,0_10_251_85_324,8
0,324,0_118_427_324,8
0,325,0_486_475_161_325,7
0,325,0_486_68_448_457_325,7
0,326,0_444_493_193_326,8
0,326,0_10_251_409_357_318_326,8
0,326,0_444_328_193_326,8
0,326,0_248_328_193_326,8
0,327,0_10_251_409_357_327,8
0,327,0_486_289_383_72_327,8
0,327,0_248_97_383_72_327,8
0,327,0_486_463_192_327,8
0,328,0_444_328,4
0,328,0_248_328,4
0,329,0_10_81_330_358_329,7
0,329,0_225_81_330_358_329,7
0,330,0_225_81_330,5
0,330,0_10_81_330,5
0,331,0_10_210_331,5
0,331,0_486_68_331,6
0,332,0_486_224_332,7
0,332,0_271_488_54_332,7
0,332,0_444_493_399_332,7
0,333,0_248_379_182_333,6
0,333,0_444_493_167_163_40_349_333,9
0,334,0_271_488_184_334,8
0,334,0_444_57_365_334,8
0,334,0_444_328_294_335_334,8
0,334,0_486_76_334,8
0,334,0_248_328_294_335_334,8
0,335,0_248_328_294_335,6
0,335,0_444_328_294_335,6
0,336,0_444_67_336,8
0,336,0_118_137_336,8
0,337,0_248_442_398_337,8
0,337,0_444_493_91_269_337,8
0,337,0_248_328_246_337,8
0,337,0_486_337,8
0,337,0_444_328_246_337,8
0,338,0_444_67_338,7
0,338,0_248_328_437_87_172_338,8
0,338,0_486_424_430_243_338,8
0,338,0_486_289_174_243_338,8
0,338,0_444_328_437_87_172_338,8
0,338,0_271_488_87_172_338,8
0,338,0_225_139_320_172_338,8
0,338,0_444_430_243_338,8
0,339,0_444_493_167_163_339,8
0,339,0_248_442_398_339,8
0,339,0_486_107_115_339,8
0,340,0_486_68_448_340,7
0,340,0_486_242_207_448_340,8
0,341,0_486_242_207_5_33_341,8
0,341,0_486_68_297_234_33_341,8
0,341,0_10_251_409_186_341,8
0,341,0_444_493_422_229_213_33_341,8
0,342,0_486_242_342,5
0,342,0_486_68_448_207_242_342,8
0,342,0_486_68_127_242_342,8
0,343,0_486_424_425_343,6
0,343,0_486_68_202_188_343,8
0,343,0_10_251_424_425_343,8
0,343,0_444_430_424_425_343,8
0,344,0_271_63_344,7
0,344,0_486_242_164_344,8
0,344,0_248_97_383_72_344,8
0,344,0_486_289_383_72_344,8
0,344,0_225_139_320_344,8
0,345,0_444_493_422_345,5
0,345,0_444_493_167_163_345,6
0,346,0_363_2_216_346,7
0,346,0_486_424_51_206_346,9
0,346,0_10_392_216_346,9
0,346,0_486_224_74_321_216_346,9
0,346,0_10_454_346,9
0,346,0_486_76_450_315_321_216_346,9
0,346,0_248_97_479_384_206_346,9
0,346,0_486_289_276_2_216_346,9
0,346,0_486_289_82_180_206_346,9
0,347,0_363_489_347,7
0,347,0_486_424_347,7
0,348,0_10_210_476_245_482_348,10
0,348,0_444_388_372_309_482_348,10
0,348,0_444_328_294_335_290_353_348,10
0,348,0_444_493_167_163_482_348,10
0,348,0_10_210_476_290_353_348,10
0,348,0_248_328_294_335_290_353_348,10
0,349,0_248_379_182_333_349,7
0,349,0_444_493_167_163_40_349,8
0,350,0_248_97_383_158_350,7
0,350,0_444_493_422_229_158_350,7
0,350,0_486_289_383_158_350,7
0,351,0_444_493_422_77_183_351,9
0,351,0_486_107_115_351,9
0,352,0_444_328_256_352,10
0,352,0_10_210_476_313_352,10
0,352,0_248_328_256_352,10
0,353,0_444_328_294_335_290_353,8
0,353,0_248_328_294_335_290_353,8
0,353,0_10_210_476_290_353,8
0,354,0_444_493_142_38_354,6
0,354,0_444_461_9_354,7
0,355,0_444_493_422_355,8
0,355,0_225_123_422_355,10
0,355,0_486_76_450_300_201_355,10
0,355,0_444_493_167_125_201_355,10
0,355,0_444_493_422_345_201_355,10
0,356,0_486_68_448_457_268_356,8
0,356,0_491_110_268_356,8
0,357,0_10_251_409_357,6
0,357,0_486_68_297_375_357,7
0,358,0_10_81_330_358,6
0,358,0_225_81_330_358,6
0,359,0_10_210_98_359,7
0,359,0_444_493_399_98_359,8
0,360,0_363_2_360,7
0,360,0_444_360,9
0,360,0_225_59_439_260_360,9
0,360,0_486_289_276_2_360,9
0,360,0_486_424_425_439_260_360,9
0,360,0_444_493_422_53_360,9
0,361,0_361,4
0,361,0_444_388_361,5
0,362,0_10_251_409_362,7
0,362,0_225_81_10_251_409_362,9
0,362,0_486_424_251_409_362,9
0,363,0_363,4
0,363,0_225_123_363,7
0,364,0_225_414_364,6
0,364,0_248_97_479_364,7
0,365,0_444_57_365,5
0,365,0_486_68_14_365,7
0,365,0_10_210_365,7
0,365,0_10_210_57_365,7
0,365,0_248_14_365,7
0,366,0_271_488_11_366,6
0,366,0_444_388_11_366,6
0,367,0_225_367,6
0,367,0_10_380_378_367,8
0,367,0_363_380_378_367,8
0,367,0_10_251_409_378_367,8
0,367,0_10_81_225_367,8
0,368,0_248_97_368,5
0,368,0_248_97_479_368,7
0,369,0_486_68_127_101_369,7
0,369,0_486_242_127_101_369,8
0,369,0_225_123_101_369,8
0,370,0_444_493_301_370,8
0,370,0_486_68_297_234_287_370,8
0,371,0_10_210_476_16_371,8
0,371,0_486_424_148_16_371,9
0,372,0_444_388_372,5
0,372,0_361_388_372,6
0,373,0_444_461_39_373,8
0,373,0_486_68_448_457_39_373,9
0,374,0_248_97_284_374,7
0,374,0_486_475_90_286_374,9
0,375,0_486_68_297_375,6
0,375,0_271_299_375,7
0,375,0_10_251_409_357_375,7
0,376,0_271_319_209_376,9
0,376,0_486_424_425_428_469_209_376,9
0,376,0_248_376,9
0,377,0_486_68_448_457_377,7
0,377,0_248_379_182_377,7
0,378,0_10_251_409_378,7
0,378,0_225_367_378,7
0,378,0_10_380_378,7
0,378,0_363_380_378,7
0,379,0_248_379,4
0,379,0_444_328_248_379,8
0,380,0_10_380,6
0,380,0_363_380,6
0,381,0_486_289_381,6
0,381,0_10_210_157_381,7
0,381,0_444_493_167_160_381,7
0,382,0_248_328_294_335_382,8
0,382,0_444_328_294_335_382,8
0,382,0_486_289_381_382,8
0,383,0_486_289_383,5
0,383,0_248_97_383,5
0,384,0_248_97_479_384,6
0,384,0_10_251_479_384,7
0,385,0_248_97_368_385,6
0,385,0_248_97_479_385,7
0,386,0_225_367_378_386,8
0,386,0_363_380_378_386,8
0,386,0_10_251_409_378_386,8
0,386,0_10_380_378_386,8
0,387,0_10_380_378_205_387,9
0,387,0_10_251_409_378_205_387,9
0,387,0_248_379_182_263_387,9
0,387,0_444_430_433_28_387,9
0,387,0_444_493_311_405_387,9
0,387,0_363_380_378_205_387,9
0,387,0_118_263_387,9
0,387,0_225_139_119_226_387,9
0,387,0_444_57_365_405_387,9
0,387,0_444_67_263_387,9
0,387,0_486_424_430_433_28_387,9
0,387,0_271_488_184_119_226_387,9
0,387,0_486_242_106_205_387,9
0,387,0_225_367_378_205_387,9
0,388,0_444_388,4
0,388,0_361_388,5
0,389,0_225_123_389,8
0,389,0_10_389,8
0,390,0_225_81_330_435_390,8
0,390,0_444_493_142_38_354_288_390,8
0,390,0_10_81_330_435_390,8
0,390,0_225_139_435_390,8
0,391,0_225_123_391,6
0,391,0_444_493_422_229_391,6
0,391,0_444_493_399_391,6
0,392,0_10_392,5
0,392,0_225_81_10_392,7
0,393,0_486_424_430_433_236_393,8
0,393,0_444_430_433_236_393,8
0,393,0_225_59_317_393,8
0,393,0_444_493_91_393,8
0,394,0_486_107_434_394,8
0,394,0_363_380_394,8
0,394,0_10_380_394,8
0,394,0_444_493_301_394,8
0,394,0_248_97_284_84_394,8
0,395,0_444_493_422_53_395,7
0,395,0_10_210_331_395,8
0,395,0_444_493_422_229_213_33_395,8
0,395,0_486_68_297_234_33_395,8
0,395,0_486_68_297_375_395,8
0,395,0_486_475_161_325_395,8
0,395,0_486_68_448_457_325_395,8
0,395,0_486_242_207_5_33_395,8
0,396,0_271_488_184_119_423_396,8
0,396,0_444_493_422_53_75_396,8
0,396,0_225_139_119_423_396,8
0,396,0_10_251_423_396,8
0,397,0_248_97_284_145_397,8
0,397,0_10_251_409_357_397,8
0,397,0_248_97_479_145_397,8
0,398,0_248_442_398,7
0,398,0_486_68_448_44_398,8
0,399,0_444_493_399,5
0,399,0_10_210_98_399,6
0,400,0_10_210_331_400,8
0,400,0_486_68_331_400,9
0,400,0_486_68_297_234_287_400,9
0,401,0_486_68_127_194_79_401,9
0,401,0_486_424_64_401,9
0,401,0_444_388_11_64_401,9
0,401,0_271_488_11_64_401,9
0,401,0_486_475_316_401,9
0,401,0_363_489_79_401,9
0,402,0_491_122_402,8
0,402,0_486_68_448_214_402,9
0,402,0_486_76_450_214_402,9
0,403,0_361_403,5
0,403,0_271_403,5
0,404,0_10_210_331_404,8
0,404,0_486_68_331_404,9
0,405,0_444_493_311_405,7
0,405,0_444_57_365_405,7
0,406,0_10_210_98_359_406,8
0,406,0_444_493_399_98_359_406,9
0,406,0_444_493_422_53_165_86_406,9
0,406,0_444_493_167_163_42_31_406,9
0,406,0_10_210_109_415_406,9
0,406,0_248_379_182_333_349_86_406,9
0,407,0_271_407,6
0,407,0_10_210_476_245_407,7
0,407,0_444_493_167_163_429_407,7
0,408,0_486_408,5
0,408,0_225_81_330_408,8
0,408,0_10_81_330_408,8
0,408,0_271_319_408,8
0,408,0_10_210_476_104_151_408,8
0,409,0_10_251_409,5
0,409,0_225_81_10_251_409,7
0,409,0_486_424_251_409,7
0,410,0_486_463_312_410,8
0,410,0_10_210_476_104_410,8
0,411,0_486_475_90_411,8
0,411,0_486_242_106_197_411,9
0,411,0_10_81_330_475_90_411,9
0,411,0_225_81_330_475_90_411,9
0,412,0_444_493_422_219_412,8
0,412,0_486_289_82_219_412,8
0,413,0_225_81_323_277_413,9
0,413,0_486_475_90_286_277_413,9
0,413,0_10_81_323_277_413,9
0,414,0_225_414,5
0,414,0_10_81_225_414,7
0,415,0_10_210_109_415,7
0,415,0_225_139_415,8
0,416,0_248_97_134_416,7
0,416,0_444_328_134_416,7
0,416,0_486_68_416,7
0,416,0_248_328_134_416,7
0,417,0_486_417,9
0,417,0_10_210_157_417,11
0,417,0_225_414_364_211_417,11
0,417,0_10_454_417,11
0,417,0_444_493_399_211_417,11
0,418,0_486_289_418,7
0,418,0_486_424_430_114_418,9
0,418,0_491_306_418,9
0,418,0_248_97_383_289_418,9
0,418,0_444_430_114_418,9
0,418,0_444_57_306_418,9
0,419,0_486_76_450_300_419,8
0,419,0_486_76_450_451_419,8
0,419,0_486_463_312_29_419,8
0,420,0_271_63_232_420,8
0,420,0_486_475_420,8
0,421,0_10_210_476_313_421,8
0,421,0_225_81_10_210_476_313_421,10
0,421,0_248_97_368_421,10
0,421,0_444_57_210_476_313_421,10
0,421,0_248_97_284_313_421,10
0,421,0_444_57_365_230_421,10
0,422,0_444_493_422,4
0,422,0_225_123_422,6
0,423,0_10_251_423,7
0,423,0_271_488_184_119_423,7
0,423,0_225_139_119_423,7
0,424,0_486_424,4
0,424,0_444_430_424,6
0,424,0_10_251_424,6
0,425,0_486_424_425,5
0,425,0_444_430_424_425,7
0,425,0_10_251_424_425,7
0,426,0_444_493_167_426,8
0,426,0_248_379_182_263_12_426,9
0,426,0_444_67_263_12_426,9
0,426,0_363_2_360_426,9
0,426,0_118_263_12_426,9
0,427,0_118_427,7
0,427,0_248_379_182_427,7
0,427,0_486_289_174_427,7
0,428,0_486_424_425_428,6
0,428,0_444_493_422_229_213_428,7
0,428,0_486_289_174_428,7
0,429,0_444_493_167_163_429,6
0,429,0_486_76_163_429,7
0,429,0_271_407_429,7
0,429,0_444_493_422_345_163_429,7
0,430,0_486_424_430,5
0,430,0_444_430,5
0,431,0_486_76_450_451_431,8
0,431,0_486_76_450_214_208_431,8
0,431,0_486_68_448_214_208_431,8
0,431,0_444_461_9_474_431,8
0,431,0_10_210_476_313_431,8
0,431,0_486_107_208_431,8
0,432,0_486_224_74_432,8
0,432,0_486_68_432,8
0,432,0_486_68_448_214_208_432,8
0,432,0_486_76_450_214_208_432,8
0,432,0_486_107_208_432,8
0,432,0_10_251_409_432,8
0,433,0_486_424_430_433,6
0,433,0_444_430_433,6
0,434,0_486_107_434,7
0,434,0_363_2_434,8
0,435,0_10_81_330_435,7
0,435,0_225_81_330_435,7
0,435,0_225_139_435,7
0,436,0_248_328_437_436,7
0,436,0_444_328_437_436,7
0,437,0_444_328_437,5
0,437,0_248_328_437,5
0,438,0_10_251_409_357_318_326_438,10
0,438,0_248_328_193_326_438,10
0,438,0_444_328_193_326_438,10
0,438,0_486_289_383_72_490_438,10
0,438,0_444_493_193_326_438,10
0,438,0_363_489_79_138_438,10
0,438,0_486_68_127_194_79_138_438,10
0,438,0_248_97_383_72_490_438,10
0,439,0_225_59_439,7
0,439,0_486_424_425_439,7
0,440,0_486_242_207_5_440,7
0,440,0_444_461_34_440,8
0,440,0_486_68_448_207_5_440,8
0,440,0_10_380_5_440,8
0,440,0_363_380_5_440,8
0,441,0_225_441,7
0,441,0_248_14_441,8
0,441,0_444_57_365_14_441,8
0,441,0_444_493_167_441,8
0,441,0_486_289_383_158_350_441,8
0,441,0_486_68_14_441,8
0,441,0_248_97_383_158_350_441,8
0,441,0_444_493_422_229_158_350_441,8
0,442,0_248_442,6
0,442,0_248_328_256_442,9
0,442,0_225_367_378_442,9
0,442,0_10_251_409_378_442,9
0,442,0_10_380_378_442,9
0,442,0_363_380_378_442,9
0,442,0_486_68_448_44_398_442,9
0,442,0_444_328_256_442,9
0,443,0_10_81_323_277_443,9
0,443,0_486_475_90_286_277_443,9
0,443,0_225_81_323_277_443,9
0,443,0_491_261_443,9
0,444,0_444,1
0,444,0_248_328_444,7
0,445,0_445,5
0,445,0_444_493_422_53_165_140_445,10
0,445,0_444_493_422_53_75_140_445,10
0,446,0_225_414_364_446,7
0,446,0_486_76_446,8
0,446,0_248_97_479_364_446,8
0,447,0_486_289_82_180_447,10
0,447,0_486_475_90_286_277_443_447,11
0,447,0_10_81_323_277_443_447,11
0,447,0_271_488_184_119_423_120_447,11
0,447,0_486_68_448_457_268_356_447,11
0,447,0_225_81_323_120_447,11
0,447,0_225_139_119_423_120_447,11
0,447,0_491_110_268_356_447,11
0,447,0_10_81_323_120_447,11
0,447,0_10_251_423_120_447,11
0,447,0_491_261_443_447,11
0,447,0_225_81_323_277_443_447,11
0,448,0_486_68_448,5
0,448,0_486_242_207_448,6
0,449,0_248_97_368_385_449,7
0,449,0_248_97_479_385_449,8
0,449,0_363_293_177_449,8
0,450,0_486_76_450,5
0,450,0_486_68_448_214_450,7
0,451,0_486_76_450_451,7
0,451,0_486_408_451,8
0,451,0_444_493_422_229_451,8
0,451,0_225_139_451,8
0,452,0_486_475_452,6
0,452,0_10_210_157_452,7
0,452,0_10_81_330_475_452,7
0,452,0_225_81_330_475_452,7
0,453,0_444_493_91_393_453,9
0,453,0_118_178_453,9
0,453,0_225_59_317_393_453,9
0,453,0_444_430_433_236_393_453,9
0,453,0_486_424_430_433_236_393_453,9
0,454,0_10_454,5
0,454,0_486_454,6
0,455,0_486_408_151_455,7
0,455,0_444_461_455,7
0,456,0_363_489_47_456,7
0,456,0_444_328_294_218_492_456,9
0,456,0_248_328_294_218_492_456,9
0,457,0_486_68_448_457,6
0,457,0_444_461_39_457,7
0,457,0_486_242_207_448_457,7
0,458,0_444_461_458,8
0,458,0_271_488_54_332_458,8
0,458,0_486_224_332_458,8
0,458,0_444_493_399_332_458,8
0,459,0_444_493_422_459,6
0,459,0_225_123_422_459,8
0,460,0_248_97_479_384_460,8
0,460,0_491_110_460,8
0,461,0_444_461,5
0,461,0_444_388_11_461,7
0,461,0_271_488_11_461,7
0,462,0_486_424_425_343_462,9
0,462,0_486_68_127_194_79_462,10
0,462,0_486_242_52_462,10
0,462,0_248_97_368_52_462,10
0,462,0_363_489_79_462,10
0,462,0_225_123_129_462,10
0,463,0_486_463,5
0,463,0_444_493_167_160_192_463,8
0,463,0_444_493_167_312_463,8
0,464,0_486_68_14_464,9
0,464,0_486_424_425_428_132_464,9
0,464,0_444_493_167_163_42_132_464,9
0,464,0_444_57_365_14_464,9
0,464,0_248_14_464,9
0,465,0_444_493_167_465,6
0,465,0_248_328_176_465,8
0,465,0_444_328_176_465,8
0,465,0_444_493_301_133_465,8
0,465,0_248_328_465,8
0,465,0_444_328_465,8
0,466,0_10_210_98_466,8
0,466,0_363_489_47_466,8
0,466,0_444_328_193_466,8
0,466,0_248_328_193_466,8
0,466,0_444_493_193_466,8
0,467,0_486_463_467,8
0,467,0_486_68_127_194_21_467,10
0,467,0_444_493_422_77_467,10
0,468,0_486_424_51_468,7
0,468,0_225_139_473_468,8
0,469,0_486_424_425_428_469,7
0,469,0_248_328_294_469,8
0,469,0_444_493_422_229_213_428_469,8
0,469,0_486_289_174_428_469,8
0,469,0_444_328_294_469,8
0,470,0_486_463_192_470,7
0,470,0_444_493_167_160_192_470,8
0,471,0_486_424_430_243_471,8
0,471,0_486_289_174_243_471,8
0,471,0_444_430_243_471,8
0,472,0_10_251_409_186_472,7
0,472,0_361_403_186_472,8
0,472,0_271_403_186_472,8
0,473,0_225_139_473,6
0,473,0_444_493_301_473,7
0,474,0_444_461_9_474,7
0,474,0_444_493_142_38_354_9_474,8
0,474,0_271_63_9_474,8
0,475,0_486_475,5
0,475,0_10_81_330_475,6
0,475,0_225_81_330_475,6
0,476,0_10_210_476,5
0,476,0_225_81_10_210_476,7
0,476,0_444_57_210_476,7
0,477,0_486_76_450_128_477,7
0,477,0_444_67_477,7
0,478,0_248_379_182_333_349_478,8
0,478,0_225_123_129_478,9
0,478,0_271_407_478,9
0,478,0_444_493_167_163_40_349_478,9
0,479,0_248_97_479,5
0,479,0_10_251_479,6
0,480,0_444_493_273_480,9
0,480,0_10_210_331_480,9
0,481,0_486_242_46_481,12
0,481,0_486_289_153_481,12
0,481,0_486_289_99_46_481,12
0,481,0_10_210_476_16_371_481,12
0,482,0_444_493_167_163_482,8
0,482,0_10_210_476_245_482,8
0,482,0_444_388_372_309_482,8
0,483,0_486_408_483,6
0,483,0_486_424_148_483,8
0,484,0_486_68_448_222_484,9
0,484,0_486_107_208_484,9
0,484,0_486_76_450_214_208_484,9
0,484,0_486_68_448_214_208_484,9
0,485,0_248_97_284_181_485,7
0,485,0_444_493_422_303_485,7
0,486,0_486,3
0,486,0_10_251_424_486,7
0,486,0_248_97_383_289_486,7
0,486,0_444_430_424_486,7
0,487,0_248_97_479_384_487,7
0,487,0_486_475_452_487,7
0,488,0_271_488,4
0,488,0_444_388_11_488,6
0,489,0_363_489,5
0,489,0_225_59_317_92_489,8
0,489,0_225_123_363_489,8
0,490,0_248_97_383_72_490,7
0,490,0_486_289_383_72_490,7
0,491,0_491,5
0,491,0_10_210_476_104_491,9
0,491,0_444_57_306_491,9
0,491,0_486_68_448_457_268_110_491,9
0,492,0_444_328_294_218_492,7
0,492,0_248_328_294_218_492,7
0,493,0_444_493,3
0,493,0_225_123_422_493,7
0,494,0_444_328_256_494,8
0,494,0_248_328_256_494,8
0,495,0_10_495,5
0,495,0_225_81_10_495,7
0,496,0_444_430_8_496,8
0,496,0_486_424_430_8_496,8
0,497,0_486_68_497,8
0,497,0_248_97_383_158_241_497,9
0,497,0_486_289_383_158_241_497,9
0,497,0_444_493_422_229_158_241_497,9
0,498,0_248_379_182_498,7
0,498,0_225_123_498,7
0,499,0_10_380_499,7
0,499,0_363_380_499,7
0,499,0_486_475_90_499,7
